,Source,Target
0,doktorinjh,Garandhero
1,doktorinjh,Sirtoshi
2,zonye10,doktorinjh
3,zonye10,jasontheguitarist
4,zonye10,TheGoldenPanda
5,zonye10,ozbourne8
6,zonye10,encephalophiliac
7,zonye10,iBleeedorange
8,zonye10,Garandhero
9,zonye10,Sirtoshi
10,beetnemesis,Metallkiller
11,bothunter,beetnemesis
12,bothunter,Metallkiller
13,Kindletookawaymyjob,bothunter
14,Kindletookawaymyjob,CaptainMuon
15,fwl200,Kindletookawaymyjob
16,Kindletookawaymyjob,fwl200
17,Yojenkz,itisike
18,Kindletookawaymyjob,Yojenkz
19,Kindletookawaymyjob,AkumaBengoshi
20,beetnemesis,Metallkiller
21,Kindletookawaymyjob,beetnemesis
22,Kindletookawaymyjob,Kindletookawaymyjob
23,Kindletookawaymyjob,itisike
24,Kindletookawaymyjob,Metallkiller
25,spicedpumpkins,joshuakrey
26,Limitlesss,pugRescuer
27,spicedpumpkins,Limitlesss
28,Productpusher,MDCCCLV
29,spicedpumpkins,Productpusher
30,spicedpumpkins,PinkPearMartini
31,spicedpumpkins,3ryon
32,spicedpumpkins,throwawaybutnotrlly
33,spicedpumpkins,pugRescuer
34,spicedpumpkins,MDCCCLV
35,spicedpumpkins,FuzzyKittenIsFuzzy
36,AmazonNewsBot,miltondelug
37,Cuatemochilas,thedorkening
38,Cuatemochilas,redimkira
39,AmazonNewsBot,Cuatemochilas
40,AmazonNewsBot,mgrider2
41,Throwingshead,Cozmo85
42,bladegmn,Throwingshead
43,bladegmn,Cozmo85
44,AmazonNewsBot,bladegmn
45,SoberBlitzen,Fatal_Phantom94
46,AmazonNewsBot,SoberBlitzen
47,AmazonNewsBot,thedorkening
48,AmazonNewsBot,redimkira
49,Throwingshead,Cozmo85
50,AmazonNewsBot,Throwingshead
51,AmazonNewsBot,Fatal_Phantom94
52,AmazonNewsBot,Cozmo85
53,pineapple_mango,fifefe
54,fifefe,pineapple_mango
55,fifefe,fifefe
56,ben1481,fifefe
57,michikade,ColTigh
58,ben1481,michikade
59,ben1481,Gauntl3t
60,pineapple_mango,fifefe
61,ben1481,pineapple_mango
62,ben1481,ColTigh
63,ben1481,SHAMETAX
64,ben1481,AutoGeek3000
65,ben1481,fifefe
66,anomalous_cowherd,brp
67,CelibatePower,anomalous_cowherd
68,CelibatePower,Squirmingbaby
69,yur00000,BEEF_WIENERS
70,yur00000,CelibatePower
71,CelibatePower,yur00000
72,djsekani,sirloinfurr
73,CelibatePower,djsekani
74,CelibatePower,KaizokuShojo
75,CelibatePower,brp
76,CelibatePower,BEEF_WIENERS
77,CelibatePower,CelibatePower
78,CelibatePower,sirloinfurr
79,Zombietimm,MurkyGrape5901
80,MurkyGrape5901,Zombietimm
81,MurkyGrape5901,MurkyGrape5901
82,cityof_stars,MurkyGrape5901
83,2Questioner_0R_Not2B,bongjonajameson
84,cityof_stars,2Questioner_0R_Not2B
85,cityof_stars,squareoaky
86,cityof_stars,Mdownsouthmodel92
87,cityof_stars,noogers
88,Zombietimm,MurkyGrape5901
89,cityof_stars,Zombietimm
90,cityof_stars,bongjonajameson
91,cityof_stars,MurkyGrape5901
92,GiantRiverSquid,Riebeckite
93,OwnedYou,GiantRiverSquid
94,goodcowfilms,OwnedYou
95,OwnedYou,goodcowfilms
96,OwnedYou,d70
97,OwnedYou,Riebeckite
98,OwnedYou,OwnedYou
99,LORDOFTHEFATCHICKS,Mike__7
100,LORDOFTHEFATCHICKS,Surrealle01
101,Mike__7,LORDOFTHEFATCHICKS
102,Mike__7,Justified-n-Ancient
103,Mike__7,Mike__7
104,Mike__7,Surrealle01
105,d_ippy,jrhoffa
106,d_ippy,d_ippy
107,Mike__7,d_ippy
108,Mike__7,jrhoffa
109,Mike__7,d_ippy
110,IAteSnow,grinde
111,EpicSunWarrior,BQJJ
112,Moread,EpicSunWarrior
113,Moread,Kruse
114,Moread,BQJJ
115,IAteSnow,Moread
116,IAteSnow,ttebow
117,IAteSnow,Hwtkrl
118,hSix-Kenophobia,IAteSnow
119,IAteSnow,hSix-Kenophobia
120,EpicSunWarrior,BQJJ
121,IAteSnow,EpicSunWarrior
122,IAteSnow,Kruse
123,IAteSnow,IAteSnow
124,IAteSnow,BQJJ
125,Netechma,PM_ME_YOUR_LUKEWARM
126,BaconIsBueno,Netechma
127,BaconIsBueno,PM_ME_YOUR_LUKEWARM
128,CE3K,BaconIsBueno
129,CE3K,silverfang789
130,CE3K,leftcoast-usa
131,Netechma,PM_ME_YOUR_LUKEWARM
132,CE3K,Netechma
133,CE3K,PM_ME_YOUR_LUKEWARM
134,sanfrantokyotron,CE3K
135,sanfrantokyotron,Karpos2
136,sanfrantokyotron,AgentRedFoxs
137,sanfrantokyotron,MadBuddhaAbusa
138,sanfrantokyotron,calladus
139,Netechma,PM_ME_YOUR_LUKEWARM
140,BaconIsBueno,Netechma
141,BaconIsBueno,PM_ME_YOUR_LUKEWARM
142,sanfrantokyotron,BaconIsBueno
143,sanfrantokyotron,silverfang789
144,sanfrantokyotron,leftcoast-usa
145,Netechma,PM_ME_YOUR_LUKEWARM
146,sanfrantokyotron,Netechma
147,sanfrantokyotron,PM_ME_YOUR_LUKEWARM
148,aRandomizer,oraclek76
149,Brc509,aRandomizer
150,Brc509,DrAtkins
151,Brc509,known_starfield
152,Iliketoeatwax,Brc509
153,Iliketoeatwax,2crudedudes
154,Iliketoeatwax,known_starfield
155,Brc509,Iliketoeatwax
156,Brc509,oraclek76
157,Brc509,nightauthor
158,Brc509,known_starfield
159,Brc509,Brc509
160,Brc509,2crudedudes
161,Brc509,known_starfield
162,wunncat,1ilypad
163,OvaryActingJesus,wunncat
164,OvaryActingJesus,BBQsauce18
165,OvaryActingJesus,SBrooks1
166,OvaryActingJesus,TheHungryboa
167,pokll,ekaceerf
168,pokll,seanpackage
169,OvaryActingJesus,pokll
170,OvaryActingJesus,1ilypad
171,OvaryActingJesus,ekaceerf
172,OvaryActingJesus,seanpackage
173,drafter69,just_pudge_it
178,rocketjetz,Tallon_raider
179,rocketjetz,kentro2002
184,met021345,Working-Class-Goblin
185,BDThrills,met021345
186,BDThrills,Working-Class-Goblin
187,BeneficialPhotograph,BDThrills
188,RayneInPhyre,Goodvibes1892
189,Goodvibes1892,RayneInPhyre
190,Goodvibes1892,Goodvibes1892
191,BeneficialPhotograph,Goodvibes1892
192,Rose_Maiden21,boboprez123
193,BeneficialPhotograph,Rose_Maiden21
194,BeneficialPhotograph,mahormahor
195,BeneficialPhotograph,alstergee
196,met021345,Working-Class-Goblin
197,BeneficialPhotograph,met021345
198,RayneInPhyre,Goodvibes1892
199,BeneficialPhotograph,RayneInPhyre
200,BeneficialPhotograph,boboprez123
201,BeneficialPhotograph,Working-Class-Goblin
202,BeneficialPhotograph,Goodvibes1892
203,destiny24,Looks2MuchLikeDaveO
204,trumpbaby93,destiny24
205,trumpbaby93,tato_salad
206,IAmTaka_VG,umichinsf
207,trumpbaby93,IAmTaka_VG
208,trumpbaby93,vatothe0
209,trumpbaby93,Looks2MuchLikeDaveO
210,trumpbaby93,umichinsf
211,AmazonNewsBot,4cardroyal
212,AmazonNewsBot,CuckyMcCuckington
213,AmazonNewsBot,selz202
214,AmazonNewsBot,Productpusher
215,AmazonNewsBot,safetaco
216,AmazonNewsBot,marc19403
217,Erinescence,aiaor
224,eqisow,MattIsHulk
225,eqisow,tacitus59
226,eqisow,Shagyam
227,lunaticfringe80,thamasthedankengine
228,MaXimus421,lunaticfringe80
229,JessterK,MaXimus421
230,MaXimus421,JessterK
231,MaXimus421,thamasthedankengine
232,MaXimus421,MaXimus421
233,eqisow,MaXimus421
234,eqisow,neferex
235,lunaticfringe80,thamasthedankengine
236,eqisow,lunaticfringe80
237,JessterK,MaXimus421
238,eqisow,JessterK
239,eqisow,thamasthedankengine
240,eqisow,MaXimus421
241,calladus,NYXMG
242,kingnthing,calladus
243,borski88,somethingoriginalthr
244,borski88,Tonynoscopes
245,BaronOfHell,gapteefies
246,BaronOfHell,Netechma
247,borski88,BaronOfHell
248,borski88,gapteefies
249,borski88,Netechma
250,kingnthing,borski88
251,kingnthing,Rattus375
252,kingnthing,Cozy_Conditioning
253,kingnthing,NYXMG
254,kingnthing,somethingoriginalthr
255,kingnthing,Tonynoscopes
256,BaronOfHell,gapteefies
257,BaronOfHell,Netechma
258,kingnthing,BaronOfHell
259,kingnthing,gapteefies
260,kingnthing,Netechma
261,bothanspied,Kingofthefgts
262,bothanspied,great_raisin
263,Kingofthefgts,bothanspied
264,Kingofthefgts,Redtailcatfish
265,Kingofthefgts,saytush
266,Kingofthefgts,publicemaildump751
267,Kingofthefgts,Kingofthefgts
268,Kingofthefgts,great_raisin
269,FunctionBuilt,Shyam09
270,Cinderunner,FunctionBuilt
271,Cinderunner,Shyam09
272,FunctionBuilt,Cinderunner
273,FunctionBuilt,Shyam09
274,FunctionBuilt,FunctionBuilt
275,FunctionBuilt,Shyam09
276,AmazonNewsBot,FunctionBuilt
277,dinkleburg-__-,toxicbrew
278,AmazonNewsBot,dinkleburg-__-
279,Just_Worse,emuccino
280,AmazonNewsBot,Just_Worse
281,AmazonNewsBot,ThatGermanGuy2
282,AmazonNewsBot,LordNedNoodle
283,FunctionBuilt,Shyam09
284,Cinderunner,FunctionBuilt
285,Cinderunner,Shyam09
286,AmazonNewsBot,Cinderunner
287,AmazonNewsBot,toxicbrew
288,AmazonNewsBot,emuccino
289,FunctionBuilt,Shyam09
290,AmazonNewsBot,FunctionBuilt
291,AmazonNewsBot,Shyam09
292,agpc,Beet_Farmer1
293,HoboFromCorpus,agpc
294,HoboFromCorpus,scrambledeggs858
295,HoboFromCorpus,ZynoT
296,HoboFromCorpus,averagenutjob
297,HoboFromCorpus,DontPassTheEggNog
298,HoboFromCorpus,ImABulbasaurPNW
299,HoboFromCorpus,Beet_Farmer1
300,HoboFromCorpus,rich8n
301,mclamb,ThrowawayAmazonGuy
302,ThrowawayAmazonGuy,mclamb
303,ThrowawayAmazonGuy,Xigbarathuistra
304,ThrowawayAmazonGuy,rextilleon
305,ThrowawayAmazonGuy,HHCCSS
306,shillyshally,buzzbros2002
307,ThrowawayAmazonGuy,shillyshally
308,ThrowawayAmazonGuy,ThrowawayAmazonGuy
309,ThrowawayAmazonGuy,ThrowawayAmazonGuy
310,ThrowawayAmazonGuy,buzzbros2002
311,AmazonNewsBot,captainplanet171
312,AmazonNewsBot,kd5nrh
313,AmazonNewsBot,edcantu9
314,AmazonNewsBot,jrhoffa
315,AmazonNewsBot,I_AM_A_SMURF
316,AmazonNewsBot,KFCConspiracy
317,AmazonNewsBot,LibertarianSoldier
318,AmazonNewsBot,ctess
